{
  "train_loss": [
    0.1865264195203781,
    0.08769766598939896,
    0.06701738774776458
  ],
  "val_psnr": [
    12.869903946886815,
    18.481290857517426,
    21.040943220691606
  ],
  "val_ssim": [
    0.41758912470902887,
    0.5962515703827606,
    0.688225545162891
  ]
}